method,seed,aurc,num_test_samples,coverage_at_risk_0.010,risk_at_alpha_0.010,coverage_at_risk_0.020,risk_at_alpha_0.020,coverage_at_risk_0.050,risk_at_alpha_0.050,coverage_at_risk_0.100,risk_at_alpha_0.100,coverage_at_risk_0.150,risk_at_alpha_0.150,coverage_at_risk_0.200,risk_at_alpha_0.200,error_at_cov_0.70,risk_at_cov_0.70,accuracy_at_cov_0.70,error_at_cov_0.80,risk_at_cov_0.80,accuracy_at_cov_0.80,error_at_cov_0.90,risk_at_cov_0.90,accuracy_at_cov_0.90
CRC-Select,42,0.01263050104957486,5000,0.0,0.0,0.823199987411499,0.019843649119138718,0.8740000128746033,0.030653154477477074,1.0,0.08805841952562332,1.0,0.08805841952562332,1.0,0.08805841952562332,0.00881648063659668,0.010101428255438805,0.9911835193634033,0.014246463775634766,0.01558368094265461,0.9857535362243652,0.02906179428100586,0.030653154477477074,0.9709382057189941
